year,age_group_in_years,count,population,crude_rate,crude_rate_lower_95,crude_rate_upper_95,crude_rate_standard_error
1999,< 1,0,3744604,0,0,0,0
1999,1-4,0,15136428,0,0,0,0
1999,5-9,Suppressed,20334315,Suppressed,Suppressed,Suppressed,Suppressed
1999,10-14,0,19935660,0,0,0,0
1999,15-19,Suppressed,19785979,Suppressed,Suppressed,Suppressed,Suppressed
1999,20-24,Suppressed,18328417,Suppressed,Suppressed,Suppressed,Suppressed
1999,25-29,19,19333894,0.098273012,0.059166184,0.153464698,0.022545375
1999,30-34,51,20371091,0.25035478,0.186405331,0.329170367,0.035056681
1999,35-39,158,22611624,0.698755649,0.5940492,0.816603136,0.055590015
1999,40-44,342,21924672,1.559886506,1.398927797,1.734287009,0.084349002
1999,45-49,642,19413875,3.306913226,3.056023788,3.572910059,0.130513455
1999,50-54,951,16718890,5.688176667,5.332354677,6.061498829,0.184451766
1999,55-59,1280,12922630,9.905104456,9.369840094,10.46297941,0.276856086
1999,60-64,1590,10551544,15.06888471,14.33721472,15.82820759,0.377904922
1999,65-69,2031,9416383,21.56879133,20.64084932,22.52770316,0.478597964
1999,70-74,2442,8763864,27.86442145,26.77011136,28.9919892,0.563867678
1999,75-79,2403,7251311,33.13883517,31.82696595,34.49089218,0.676021259
1999,80-84,1808,4820265,37.50831127,35.79910346,39.27804315,0.882121279
1999,85+,1295,4095902,31.6169674,29.9181967,33.38705962,0.878588121
2000,< 1,Suppressed,3804065,Suppressed,Suppressed,Suppressed,Suppressed
2000,1-4,0,15119430,0,0,0,0
2000,5-9,0,20194272,0,0,0,0
2000,10-14,Suppressed,20358437,Suppressed,Suppressed,Suppressed,Suppressed
2000,15-19,Suppressed,19998739,Suppressed,Suppressed,Suppressed,Suppressed
2000,20-24,Suppressed,18848983,Suppressed,Suppressed,Suppressed,Suppressed
2000,25-29,16,19044554,0.084013519,0.048020612,0.136431677,0.02100338
2000,30-34,58,20289179,0.285866668,0.217070026,0.369548885,0.037536132
2000,35-39,176,22382940,0.786313147,0.674432633,0.911451438,0.059270584
2000,40-44,360,22245365,1.618314647,1.455440745,1.794427778,0.085292671
2000,45-49,655,19972154,3.27956614,3.033183407,3.540629538,0.128143253
2000,50-54,1084,17563484,6.171896191,5.809905707,6.550535063,0.187457997
2000,55-59,1400,13399105,10.44845906,9.908247726,11.01046382,0.279246814
2000,60-64,1580,10720153,14.73859562,14.02073067,15.48368874,0.370789613
2000,65-69,2101,9398861,22.35377244,21.40805145,23.3305234,0.487683205
2000,70-74,2580,8746579,29.49724687,28.36990763,30.65790422,0.580726481
2000,75-79,2517,7347313,34.25742173,32.93203243,35.62247917,0.682830743
2000,80-84,1882,4921341,38.24160935,36.53321088,40.00926549,0.881508189
2000,85+,1422,4203260,33.83088365,32.09514721,35.63609839,0.897146864
2001,< 1,0,3970113,0,0,0,0
2001,1-4,0,15123657,0,0,0,0
2001,5-9,Suppressed,19962452,Suppressed,Suppressed,Suppressed,Suppressed
2001,10-14,0,20758808,0,0,0,0
2001,15-19,Suppressed,20227701,Suppressed,Suppressed,Suppressed,Suppressed
2001,20-24,Suppressed,19536435,Suppressed,Suppressed,Suppressed,Suppressed
2001,25-29,22,18634669,0.118059516,0.073986944,0.178742763,0.025170373
2001,30-34,72,20462391,0.351865039,0.27531246,0.443116012,0.041467692
2001,35-39,179,22030086,0.812525198,0.697851209,0.940665796,0.060730985
2001,40-44,366,22601240,1.619380176,1.457705516,1.794086379,0.084646358
2001,45-49,688,20501373,3.355872799,3.109763249,3.616283257,0.127941451
2001,50-54,1109,18507423,5.992190269,5.644665748,6.355512922,0.179936729
2001,55-59,1400,13833003,10.12072361,9.597457012,10.66510004,0.270487716
2001,60-64,1680,11020881,15.2437904,14.52349148,15.99057349,0.371910404
2001,65-69,2118,9463333,22.3811209,21.43800614,23.35504391,0.486316333
2001,70-74,2600,8734260,29.7678338,28.63450665,30.93452574,0.583795252
2001,75-79,2626,7386502,35.55133404,34.20445515,36.93764898,0.693758858
2001,80-84,1898,5091062,37.2810231,35.62248068,38.99683734,0.855735833
2001,85+,1491,4270572,34.91335587,33.16348279,36.73159369,0.90417558
2002,< 1,0,3910837,0,0,0,0
2002,1-4,0,15313864,0,0,0,0
2002,5-9,0,19665950,0,0,0,0
2002,10-14,0,21040663,0,0,0,0
2002,15-19,Suppressed,20386049,Suppressed,Suppressed,Suppressed,Suppressed
2002,20-24,Suppressed,20019398,Suppressed,Suppressed,Suppressed,Suppressed
2002,25-29,19,18510142,0.10264643,0.061799241,0.160294297,0.023548706
2002,30-34,55,20467339,0.268720814,0.202436914,0.349776713,0.036234307
2002,35-39,164,21551652,0.760962547,0.648953894,0.886752428,0.059421192
2002,40-44,367,22675693,1.618473138,1.457104611,1.79282913,0.08448361
2002,45-49,745,21049493,3.539277644,3.289660735,3.802814612,0.1296691
2002,50-54,1131,18560294,6.093653473,5.743645042,6.459408623,0.181195101
2002,55-59,1534,14996304,10.22918714,9.723642307,10.75419912,0.2611731
2002,60-64,1761,11442027,15.39062965,14.68011988,16.12664361,0.366755563
2002,65-69,2140,9538576,22.43521465,21.49464011,23.40635251,0.484979456
2002,70-74,2526,8663457,29.15695201,28.03088157,30.31663937,0.580130166
2002,75-79,2672,7400487,36.10573196,34.74956275,37.50126494,0.698486355
2002,80-84,2065,5246561,39.35911543,37.67964483,41.09414649,0.866134427
2002,85+,1494,4327726,34.52159402,32.7930825,36.31756611,0.893131778
2003,< 1,0,3975871,0,0,0,0
2003,1-4,0,15616575,0,0,0,0
2003,5-9,0,19620851,0,0,0,0
2003,10-14,Suppressed,21415353,Suppressed,Suppressed,Suppressed,Suppressed
2003,15-19,0,20797166,0,0,0,0
2003,20-24,Suppressed,20591688,Suppressed,Suppressed,Suppressed,Suppressed
2003,25-29,20,18771585,0.106544013,0.065079422,0.164548064,0.023823966
2003,30-34,71,20472210,0.346811605,0.270862,0.43745535,0.041158965
2003,35-39,148,21264159,0.696006835,0.588393043,0.817606625,0.057211409
2003,40-44,374,22890047,1.633897912,1.472482241,1.808178243,0.08448685
2003,45-49,712,21722676,3.27768089,3.041315244,3.527537986,0.122836285
2003,50-54,1186,19097278,6.210309134,5.861850605,6.574069119,0.180331201
2003,55-59,1673,15814557,10.57886098,10.07795622,11.09822148,0.25863717
2003,60-64,1920,12194388,15.74494759,15.0484752,16.46533897,0.359327623
2003,65-69,2172,9830796,22.09383655,21.17435147,23.04297944,0.474068639
2003,70-74,2575,8670119,29.6997077,28.56354131,30.86947511,0.585279831
2003,75-79,2739,7497842,36.53051105,35.17511066,37.92475905,0.698006926
2003,80-84,2180,5398596,40.3808694,38.70336711,42.11236301,0.8648632
2003,85+,1513,4466176,33.87685573,32.19117791,35.62791441,0.870930762
2004,< 1,Suppressed,4014258,Suppressed,Suppressed,Suppressed,Suppressed
2004,1-4,0,15771627,0,0,0,0
2004,5-9,0,19454237,0,0,0,0
2004,10-14,Suppressed,21411680,Suppressed,Suppressed,Suppressed,Suppressed
2004,15-19,0,21102552,0,0,0,0
2004,20-24,Suppressed,20845560,Suppressed,Suppressed,Suppressed,Suppressed
2004,25-29,16,19107055,0.083738703,0.047863532,0.135985396,0.020934676
2004,30-34,56,20159501,0.277784653,0.209835421,0.360725974,0.037120536
2004,35-39,174,20874649,0.83354695,0.714292898,0.967018302,0.063191031
2004,40-44,413,22925626,1.801477526,1.631903487,1.983884059,0.088644914
2004,45-49,764,22065262,3.462456054,3.221256887,3.716931919,0.125267264
2004,50-54,1223,19564668,6.251064419,5.905590704,6.611473637,0.178747817
2004,55-59,1730,16607176,10.41718351,9.932031211,10.91990138,0.250453591
2004,60-64,2009,12698128,15.82122971,15.13688427,16.5285351,0.352980137
2004,65-69,2404,10073429,23.86476343,22.92022075,24.83823097,0.486732002
2004,70-74,2714,8594104,31.57979005,30.4027518,32.79072982,0.606183787
2004,75-79,2818,7461399,37.76771622,36.38602311,39.18845924,0.711459577
2004,80-84,2218,5528504,40.11935236,38.46691311,41.82453076,0.851869644
2004,85+,1588,4545883,34.93270724,33.2355175,36.6941011,0.87661116
2005,< 1,0,3999783,0,0,0,0
2005,1-4,0,15899370,0,0,0,0
2005,5-9,Suppressed,19374703,Suppressed,Suppressed,Suppressed,Suppressed
2005,10-14,0,21195702,0,0,0,0
2005,15-19,Suppressed,21471178,Suppressed,Suppressed,Suppressed,Suppressed
2005,20-24,Suppressed,20941230,Suppressed,Suppressed,Suppressed,Suppressed
2005,25-29,21,19521407,0.107574213,0.066589794,0.164438058,0.023474618
2005,30-34,68,19707198,0.34505159,0.267945398,0.437434507,0.041843651
2005,35-39,176,20785291,0.846752639,0.726272495,0.981509609,0.063826382
2005,40-44,433,22690105,1.90832083,1.732786114,2.096818945,0.091708047
2005,45-49,786,22403209,3.508425958,3.267408097,3.76252069,0.12514141
2005,50-54,1350,20067242,6.727381869,6.373264236,7.096059208,0.183096143
2005,55-59,1864,17495609,10.65410184,10.17587416,11.14899911,0.246770869
2005,60-64,2168,13131162,16.51034387,15.82259933,17.22028324,0.354589997
2005,65-69,2310,10273382,22.48529258,21.57759976,23.4213558,0.467834831
2005,70-74,2616,8598015,30.42562731,29.27076409,31.61437913,0.594868088
2005,75-79,2699,7458837,36.18526588,34.83286665,37.57671721,0.696514763
2005,80-84,2289,5608292,40.81456529,39.15950478,42.52160313,0.853084947
2005,85+,1683,4690947,35.87761704,34.18383314,37.63362068,0.874543733
2006,< 1,0,4041738,0,0,0,0
2006,1-4,0,15897145,0,0,0,0
2006,5-9,Suppressed,19544688,Suppressed,Suppressed,Suppressed,Suppressed
2006,10-14,Suppressed,21033138,Suppressed,Suppressed,Suppressed,Suppressed
2006,15-19,Suppressed,21807709,Suppressed,Suppressed,Suppressed,Suppressed
2006,20-24,Suppressed,21036135,Suppressed,Suppressed,Suppressed,Suppressed
2006,25-29,23,20110011,0.114370897,0.07250119,0.171611745,0.023847981
2006,30-34,54,19285168,0.280007931,0.210350077,0.365349489,0.038104253
2006,35-39,174,20941233,0.830896633,0.712021758,0.963943605,0.062990111
2006,40-44,421,22302568,1.887674998,1.711643218,2.076897246,0.09199965
2006,45-49,782,22715286,3.442615691,3.205525546,3.692600573,0.123107686
2006,50-54,1334,20570873,6.484897359,6.1415302,6.842466459,0.177551846
2006,55-59,1922,18396860,10.44743505,9.985535182,10.9251896,0.238304909
2006,60-64,2166,13533253,16.00502111,15.33802103,16.69355993,0.343895921
2006,65-69,2456,10553201,23.27255967,22.36115623,24.21156615,0.469602036
2006,70-74,2669,8649826,30.85611202,29.69647727,32.04943166,0.597264794
2006,75-79,2695,7447034,36.1889042,34.83536907,37.58155291,0.69710155
2006,80-84,2274,5648117,40.26120564,38.62327186,41.95075809,0.844289806
2006,85+,1740,4865929,35.75884482,34.0982075,37.47943529,0.85725269
2007,< 1,0,4147997,0,0,0,0
2007,1-4,Suppressed,15977965,Suppressed,Suppressed,Suppressed,Suppressed
2007,5-9,0,19714611,0,0,0,0
2007,10-14,0,20841042,0,0,0,0
2007,15-19,Suppressed,22067816,Suppressed,Suppressed,Suppressed,Suppressed
2007,20-24,Suppressed,21077999,Suppressed,Suppressed,Suppressed,Suppressed
2007,25-29,20,20542698,0.097358195,0.059468523,0.150361358,0.021769954
2007,30-34,66,19170765,0.344274211,0.266261421,0.438000317,0.042377226
2007,35-39,162,20963891,0.772757309,0.658341236,0.901342003,0.060713548
2007,40-44,412,21832339,1.887108843,1.709265996,2.078429616,0.09297118
2007,45-49,815,22799761,3.574598874,3.333367533,3.82867558,0.125212737
2007,50-54,1331,21140178,6.296068084,5.962327415,6.643627745,0.172575996
2007,55-59,1924,18454772,10.42548778,9.964791626,10.90198381,0.237680663
2007,60-64,2300,14673662,15.67434223,15.04023694,16.32830347,0.326832629
2007,65-69,2583,10970235,23.54553025,22.64618362,24.47144882,0.463282902
2007,70-74,2665,8728492,30.53219273,29.38387336,31.71387782,0.591438223
2007,75-79,2730,7400363,36.89008228,35.51910873,38.30040755,0.706038365
2007,80-84,2262,5687076,39.77439373,38.15202076,41.44802083,0.836290702
2007,85+,1733,5039545,34.38802511,32.78785473,36.04609145,0.826053078
2008,< 1,0,4132735,0,0,0,0
2008,1-4,0,16138392,0,0,0,0
2008,5-9,0,19929602,0,0,0,0
2008,10-14,Suppressed,20706655,Suppressed,Suppressed,Suppressed,Suppressed
2008,15-19,Suppressed,22210880,Suppressed,Suppressed,Suppressed,Suppressed
2008,20-24,Suppressed,21180612,Suppressed,Suppressed,Suppressed,Suppressed
2008,25-29,19,20902668,0.090897487,0.054725681,0.141946961,0.020853314
2008,30-34,62,19304805,0.321163565,0.246233837,0.411716857,0.040787814
2008,35-39,175,20817463,0.84064038,0.720702299,0.974835079,0.06354644
2008,40-44,425,21375023,1.988301954,1.803737759,2.186626586,0.096446811
2008,45-49,877,22820973,3.842956214,3.592791436,4.105946845,0.129767411
2008,50-54,1458,21639474,6.737686877,6.396239975,7.092624189,0.176454225
2008,55-59,2055,18814568,10.92238738,10.45520579,11.4050642,0.240941529
2008,60-64,2542,15342495,16.56836127,15.93047947,17.22523475,0.328618329
2008,65-69,2850,11594347,24.58094449,23.68668789,25.5003158,0.460443277
2008,70-74,2771,8911332,31.09523919,29.94812664,32.27503042,0.59071179
2008,75-79,2731,7345743,37.17799547,35.79658767,38.59907408,0.711418444
2008,80-84,2381,5730359,41.55062536,39.89825649,43.25386576,0.85152591
2008,85+,1936,5195840,37.26057769,35.61913057,38.95817551,0.846831311
2009,< 1,Suppressed,4003587,Suppressed,Suppressed,Suppressed,Suppressed
2009,1-4,0,16240931,0,0,0,0
2009,5-9,0,20182499,0,0,0,0
2009,10-14,0,20660564,0,0,0,0
2009,15-19,Suppressed,22192810,Suppressed,Suppressed,Suppressed,Suppressed
2009,20-24,Suppressed,21384122,Suppressed,Suppressed,Suppressed,Suppressed
2009,25-29,28,21078228,0.132838491,0.08827007,0.191988115,0.025104115
2009,30-34,59,19645114,0.30032913,0.228624235,0.387402672,0.039099522
2009,35-39,148,20507796,0.721676771,0.610093997,0.847761372,0.059321465
2009,40-44,446,20980015,2.125832608,1.933094048,2.332586728,0.100661091
2009,45-49,889,22862245,3.888507012,3.637061622,4.152754567,0.130416339
2009,50-54,1489,22004843,6.766692223,6.427320216,7.119334348,0.17535941
2009,55-59,2098,19280603,10.88140241,10.42071641,11.35721223,0.237564821
2009,60-64,2645,16124997,16.40310383,15.7838838,17.04039698,0.318943089
2009,65-69,2989,12092377,24.71805171,23.839768,25.62041716,0.45211746
2009,70-74,2965,9140722,32.43726261,31.28009421,33.62628933,0.595705827
2009,75-79,2972,7295064,40.73987562,39.2882274,42.23146036,0.74730054
2009,80-84,2476,5727711,43.22843803,41.54231508,44.96542092,0.868748811
2009,85+,2033,5367301,37.8775105,36.24872146,39.56062893,0.840064704
2010,< 1,0,3950065,0,0,0,0
2010,1-4,0,16233907,0,0,0,0
2010,5-9,Suppressed,20328083,Suppressed,Suppressed,Suppressed,Suppressed
2010,10-14,Suppressed,20698184,Suppressed,Suppressed,Suppressed,Suppressed
2010,15-19,Suppressed,22008711,Suppressed,Suppressed,Suppressed,Suppressed
2010,20-24,Suppressed,21711544,Suppressed,Suppressed,Suppressed,Suppressed
2010,25-29,24,21132693,0.11356811,0.072764616,0.168980294,0.023181993
2010,30-34,62,20067916,0.308950865,0.236870446,0.396060739,0.039236799
2010,35-39,200,20084470,0.995794263,0.862561247,1.143780416,0.070413288
2010,40-44,453,20910582,2.166367249,1.971439961,2.375353907,0.101784812
2010,45-49,900,22643500,3.974650562,3.719186452,4.243040087,0.132488352
2010,50-54,1515,22359789,6.775555887,6.438630555,7.125537869,0.174075886
2010,55-59,2244,19800281,11.33317249,10.86906388,11.81200226,0.239243459
2010,60-64,2940,16990709,17.30357456,16.68368933,17.94060259,0.319125981
2010,65-69,3189,12520450,25.47033054,24.59390557,26.37000635,0.451031965
2010,70-74,3134,9332366,33.58205197,32.41650609,34.77880289,0.599870815
2010,75-79,3058,7314234,41.80888935,40.34004407,43.31754477,0.756048908
2010,80-84,2589,5754653,44.98968053,43.27322347,46.75677742,0.884192617
2010,85+,2090,5540110,37.72488272,36.12468727,39.37769927,0.825191518
2011,< 1,0,3956091,0,0,0,0
2011,1-4,0,16142176,0,0,0,0
2011,5-9,Suppressed,20316738,Suppressed,Suppressed,Suppressed,Suppressed
2011,10-14,Suppressed,20801469,Suppressed,Suppressed,Suppressed,Suppressed
2011,15-19,Suppressed,21794850,Suppressed,Suppressed,Suppressed,Suppressed
2011,20-24,Suppressed,22211800,Suppressed,Suppressed,Suppressed,Suppressed
2011,25-29,26,21229274,0.122472394,0.080002806,0.179450423,0.024018812
2011,30-34,85,20513784,0.414355538,0.330972143,0.512357312,0.044943168
2011,35-39,197,19633289,1.003397851,0.868166858,1.153723506,0.071489137
2011,40-44,486,21072630,2.306309179,2.10579577,2.520767767,0.104616309
2011,45-49,955,22204345,4.300960015,4.032471873,4.582624941,0.139175798
2011,50-54,1600,22606113,7.077731585,6.735137378,7.433234197,0.17694329
2011,55-59,2348,20290231,11.57207131,11.10868604,12.04981977,0.238815249
2011,60-64,3145,17820042,17.64866772,17.0371961,18.27648242,0.314703521
2011,65-69,3385,12878057,26.2850211,25.40692365,27.18572359,0.451782073
2011,70-74,3386,9590489,35.30581183,34.12652718,36.51545583,0.606740137
2011,75-79,3148,7360839,42.76686394,41.28581744,44.28747823,0.76223703
2011,80-84,2608,5758664,45.28828214,43.56666776,47.0604873,0.886813006
2011,85+,2184,5679743,38.45244406,36.85651776,40.09969068,0.822806345
2012,< 1,0,3913968,0,0,0,0
2012,1-4,Suppressed,16016992,Suppressed,Suppressed,Suppressed,Suppressed
2012,5-9,0,20438706,0,0,0,0
2012,10-14,Suppressed,20830078,Suppressed,Suppressed,Suppressed,Suppressed
2012,15-19,Suppressed,21611310,Suppressed,Suppressed,Suppressed,Suppressed
2012,20-24,Suppressed,22681021,Suppressed,Suppressed,Suppressed,Suppressed
2012,25-29,22,21292157,0.103324431,0.064752585,0.156433762,0.022028843
2012,30-34,75,20907571,0.358721728,0.28215669,0.44966094,0.041421617
2012,35-39,185,19552679,0.946161904,0.814726636,1.092764156,0.069563207
2012,40-44,494,21089994,2.342343009,2.140315137,2.558303398,0.105386994
2012,45-49,919,21759876,4.223369655,3.954694275,4.505493735,0.13931611
2012,50-54,1640,22648262,7.241173738,6.894916993,7.600313999,0.17880804
2012,55-59,2487,20828662,11.9402773,11.47557125,12.41897265,0.239428872
2012,60-64,3135,17824194,17.58845309,16.9780957,18.21514354,0.314129608
2012,65-69,3704,13976228,26.5021435,25.65545575,27.36964706,0.435457237
2012,70-74,3450,9979703,34.57016707,33.42612727,35.74338598,0.58856161
2012,75-79,3243,7443217,43.56987039,42.0830806,45.09577646,0.765090472
2012,80-84,2667,5744875,46.4239866,44.67863846,48.22005194,0.898940453
2012,85+,2209,5831953,37.87753434,36.31429185,39.49075828,0.805904986
2013,< 1,Suppressed,3913022,Suppressed,Suppressed,Suppressed,Suppressed
2013,1-4,Suppressed,15870581,Suppressed,Suppressed,Suppressed,Suppressed
2013,5-9,0,20526317,0,0,0,0
2013,10-14,Suppressed,20882500,Suppressed,Suppressed,Suppressed,Suppressed
2013,15-19,Suppressed,21523978,Suppressed,Suppressed,Suppressed,Suppressed
2013,20-24,Suppressed,22946498,Suppressed,Suppressed,Suppressed,Suppressed
2013,25-29,31,21435169,0.144622139,0.098263555,0.205279443,0.025974903
2013,30-34,84,21268221,0.39495546,0.315032044,0.488981286,0.043093174
2013,35-39,187,19695304,0.949464908,0.818251357,1.095733308,0.06943175
2013,40-44,466,20940015,2.225404328,2.027911648,2.436933854,0.103089865
2013,45-49,936,21310457,4.39220989,4.115298634,4.682852663,0.143563871
2013,50-54,1687,22657508,7.445655542,7.094557167,7.809632728,0.181278124
2013,55-59,2466,21264866,11.59659318,11.1433627,12.06352824,0.233525272
2013,60-64,3273,18128425,18.05451935,17.44122629,18.68386796,0.315582512
2013,65-69,3923,14587794,26.89234575,26.0573316,27.74731159,0.429357973
2013,70-74,3752,10551497,35.55893538,34.43013647,36.71531913,0.580520198
2013,75-79,3358,7605844,44.1502613,42.66947536,45.66932653,0.761891156
2013,80-84,2771,5712815,48.50498397,46.71562081,50.34532212,0.921442209
2013,85+,2382,5944237,40.07242645,38.47916652,41.71472081,0.821059749
2014,< 1,Suppressed,3930812,Suppressed,Suppressed,Suppressed,Suppressed
2014,1-4,Suppressed,15854547,Suppressed,Suppressed,Suppressed,Suppressed
2014,5-9,Suppressed,20462014,Suppressed,Suppressed,Suppressed,Suppressed
2014,10-14,0,20968376,0,0,0,0
2014,15-19,0,21502453,0,0,0,0
2014,20-24,Suppressed,23045398,Suppressed,Suppressed,Suppressed,Suppressed
2014,25-29,21,21773140,0.096449111,0.059703216,0.147432215,0.021046922
2014,30-34,81,21503601,0.376681096,0.299139525,0.468180937,0.041853455
2014,35-39,203,19994073,1.015300884,0.880429034,1.164988346,0.071260152
2014,40-44,468,20655612,2.265728074,2.065077326,2.480607513,0.104733317
2014,45-49,907,20957341,4.327839109,4.050729311,4.618912312,0.143703539
2014,50-54,1710,22655076,7.547977327,7.194426636,7.914412488,0.182529276
2014,55-59,2455,21580660,11.37592641,10.93033399,11.83502459,0.22959426
2014,60-64,3383,18555707,18.23158773,17.622347,18.85651993,0.313453766
2014,65-69,4147,15294148,27.11494619,26.29590041,27.95302125,0.421057812
2014,70-74,3989,10989671,36.29771992,35.17995367,37.44196324,0.574708112
2014,75-79,3516,7814119,44.9954755,43.52034117,46.50785627,0.758829861
2014,80-84,2819,5691530,49.52973981,47.71805188,51.39260817,0.932864376
2014,85+,2417,6066438,39.84216108,38.26944393,41.46289377,0.810409572
2015,< 1,0,3954148,0,0,0,0
2015,1-4,Suppressed,15855019,Suppressed,Suppressed,Suppressed,Suppressed
2015,5-9,0,20412054,0,0,0,0
2015,10-14,Suppressed,20978503,Suppressed,Suppressed,Suppressed,Suppressed
2015,15-19,Suppressed,21635443,Suppressed,Suppressed,Suppressed,Suppressed
2015,20-24,Suppressed,22876751,Suppressed,Suppressed,Suppressed,Suppressed
2015,25-29,25,22185626,0.112685574,0.072923662,0.166345973,0.022537115
2015,30-34,85,21636346,0.392857463,0.313800262,0.485774596,0.042611375
2015,35-39,183,20459438,0.894452722,0.769549274,1.033851322,0.066119848
2015,40-44,470,20283575,2.317145769,2.112367096,2.536412351,0.106881964
2015,45-49,958,20927582,4.57769082,4.292367959,4.876994119,0.147898477
2015,50-54,1755,22430223,7.824264609,7.462445586,8.199093324,0.186769076
2015,55-59,2598,21887340,11.86987546,11.41778781,12.33527701,0.232876995
2015,60-64,3506,19048932,18.40523133,17.80098254,19.02475913,0.310838872
2015,65-69,4354,16034693,27.15362246,26.3529966,27.97239139,0.411513003
2015,70-74,4106,11372193,36.10561305,35.00958948,37.22721295,0.563462802
2015,75-79,3650,7981929,45.7282945,44.25669594,47.2363468,0.756900116
2015,80-84,2881,5712776,50.43082382,48.60594896,52.3066679,0.939559815
2015,85+,2458,6177950,39.78666062,38.22917393,41.39132205,0.802502789
2016,< 1,Suppressed,3927743,Suppressed,Suppressed,Suppressed,Suppressed
2016,1-4,0,15871423,0,0,0,0
2016,5-9,0,20357183,0,0,0,0
2016,10-14,0,21069372,0,0,0,0
2016,15-19,Suppressed,21792648,Suppressed,Suppressed,Suppressed,Suppressed
2016,20-24,Suppressed,22588147,Suppressed,Suppressed,Suppressed,Suppressed
2016,25-29,21,22640994,0.092752112,0.057414726,0.141780977,0.02024017
2016,30-34,91,21829391,0.416869165,0.335636901,0.511822323,0.043699762
2016,35-39,213,20970940,1.015691237,0.883859659,1.161640672,0.069594017
2016,40-44,480,19857144,2.417266048,2.205826876,2.643504284,0.110332595
2016,45-49,927,21105071,4.392309318,4.114074373,4.68441027,0.144262366
2016,50-54,1755,22007547,7.974537099,7.605768995,8.356564757,0.190356154
2016,55-59,2787,22125872,12.59611373,12.13276554,13.07262724,0.238598709
2016,60-64,3636,19496202,18.64978625,18.04846458,19.26603337,0.309287182
2016,65-69,4783,16791513,28.48462792,27.68303196,29.30353916,0.41187019
2016,70-74,4303,11691115,36.80572811,35.71414347,37.92219524,0.561086398
2016,75-79,3620,8205565,44.11640149,42.69085353,45.57742266,0.733239403
2016,80-84,2804,5771274,48.58545964,46.80361277,50.41777995,0.917523742
2016,85+,2565,6278763,40.85199585,39.2861807,42.46421781,0.80662113
2017,< 1,0,3842237,0,0,0,0
2017,1-4,0,15894168,0,0,0,0
2017,5-9,Suppressed,20222871,Suppressed,Suppressed,Suppressed,Suppressed
2017,10-14,Suppressed,21292787,Suppressed,Suppressed,Suppressed,Suppressed
2017,15-19,0,21865644,0,0,0,0
2017,20-24,16,22316171,0.071696887,0.040980647,0.116430388,0.017924222
2017,25-29,32,23008341,0.139079997,0.095130311,0.196339459,0.024586102
2017,30-34,88,21952724,0.400861415,0.321502939,0.493873134,0.04273197
2017,35-39,231,21412754,1.07879631,0.944153147,1.227254701,0.070979586
2017,40-44,496,19782856,2.507221404,2.291399826,2.737895056,0.112577564
2017,45-49,1011,21129046,4.784882384,4.494441262,5.089162772,0.150485858
2017,50-54,1680,21570661,7.788356602,7.420341512,8.169902977,0.190016444
2017,55-59,2761,22161342,12.45863179,11.9982042,12.93220099,0.237103054
2017,60-64,3677,19981647,18.40188649,17.81185441,19.00648425,0.303469838
2017,65-69,4678,16784896,27.87029482,27.07730189,28.68061831,0.407484838
2017,70-74,4488,12671297,35.41863157,34.38990527,36.47032308,0.528695183
2017,75-79,3751,8531071,43.96868811,42.57273766,45.39875084,0.717909955
2017,80-84,2942,5845301,50.33102658,48.52856159,52.18329352,0.927928373
2017,85+,2511,6345371,39.57215425,38.03933297,41.15089801,0.789707635
2018,< 1,0,3781881,0,0,0,0
2018,1-4,0,15818189,0,0,0,0
2018,5-9,0,20091629,0,0,0,0
2018,10-14,Suppressed,21471654,Suppressed,Suppressed,Suppressed,Suppressed
2018,15-19,Suppressed,21948216,Suppressed,Suppressed,Suppressed,Suppressed
2018,20-24,Suppressed,22115306,Suppressed,Suppressed,Suppressed,Suppressed
2018,25-29,29,23142802,0.125308941,0.083920991,0.179963774,0.023269286
2018,30-34,85,22124357,0.384191956,0.30687857,0.475059557,0.041671468
2018,35-39,206,21805998,0.944694208,0.820085491,1.08288565,0.065819964
2018,40-44,535,19919074,2.685867827,2.46306802,2.923409851,0.116120192
2018,45-49,931,20982053,4.437125385,4.156647246,4.731552514,0.145420911
2018,50-54,1716,21124933,8.123102686,7.743270566,8.516750563,0.196093547
2018,55-59,2671,22162268,12.05201562,11.59924313,12.5179296,0.233196883
2018,60-64,3752,20365633,18.42319362,17.83835944,19.02231959,0.300769298
2018,65-69,4630,17054961,27.14752617,26.37112694,27.94097887,0.398969563
2018,70-74,4614,13217494,34.9082814,33.90821706,35.9303542,0.513913082
2018,75-79,4107,9017872,45.54289526,44.16056675,46.95748216,0.710654131
2018,80-84,2979,5986736,49.76000278,47.98901071,51.57965702,0.911685703
2018,85+,2476,6394877,38.71849294,37.20828017,40.27425954,0.778113812
2019,< 1,0,3712601,0,0,0,0
2019,1-4,Suppressed,15661382,Suppressed,Suppressed,Suppressed,Suppressed
2019,5-9,0,20086014,0,0,0,0
2019,10-14,0,21475673,0,0,0,0
2019,15-19,Suppressed,22050657,Suppressed,Suppressed,Suppressed,Suppressed
2019,20-24,Suppressed,21971808,Suppressed,Suppressed,Suppressed,Suppressed
2019,25-29,18,23086271,0.077968417,0.046208793,0.123223375,0.018377332
2019,30-34,81,22455443,0.360714327,0.286459589,0.448335669,0.04007937
2019,35-39,237,22047204,1.074966241,0.94245297,1.220891635,0.069826561
2019,40-44,478,20189086,2.367615849,2.160096005,2.589692471,0.108292228
2019,45-49,990,20691439,4.784587481,4.491152719,5.09216312,0.152064172
2019,50-54,1629,20763954,7.845326569,7.468932611,8.23577673,0.19437951
2019,55-59,2718,22146262,12.27295153,11.81584877,12.74321013,0.235409667
2019,60-64,3870,20632493,18.75682207,18.17047683,19.35727458,0.301511427
2019,65-69,4780,17434115,27.41750872,26.64570778,28.20599344,0.39656469
2019,70-74,5006,13838690,36.17394421,35.17873038,37.19017616,0.511270155
2019,75-79,4292,9382330,45.7455664,44.38712201,47.1350337,0.698263197
2019,80-84,3159,6160228,51.28056949,49.50776572,53.10065469,0.912384769
2019,85+,2613,6436358,40.59749318,39.05564757,42.18459698,0.794199323
2020,< 1,0,3590586,0,0,0,0
2020,1-4,0,15068663,0,0,0,0
2020,5-9,Suppressed,19660173,Suppressed,Suppressed,Suppressed,Suppressed
2020,10-14,0,20968065,0,0,0,0
2020,15-19,Suppressed,21461752,Suppressed,Suppressed,Suppressed,Suppressed
2020,20-24,Suppressed,21603608,Suppressed,Suppressed,Suppressed,Suppressed
2020,25-29,24,22312298,0.107563999,0.068917701,0.160046656,0.021956409
2020,30-34,89,22355788,0.398107193,0.319712838,0.489904727,0.042199278
2020,35-39,196,21702164,0.903135743,0.781118584,1.038809727,0.064509696
2020,40-44,455,20190061,2.253584078,2.051244456,2.470485402,0.105649651
2020,45-49,889,19865323,4.475134887,4.185755946,4.779247352,0.150091207
2020,50-54,1512,20302666,7.447297808,7.07660727,7.832372244,0.191523833
2020,55-59,2505,21461732,11.67193775,11.21929327,12.13815682,0.233205666
2020,60-64,3547,20455056,17.34045607,16.77443579,17.92070649,0.2911588
2020,65-69,4355,17502209,24.88257339,24.14899252,25.6327784,0.37705197
2020,70-74,4740,14213135,33.34943346,32.40672423,34.31261473,0.484394596
2020,75-79,3954,9491894,41.65659667,40.36819012,42.97565421,0.662468836
2020,80-84,2842,6163223,46.11223706,44.43234184,47.83938641,0.864976194
2020,85+,2280,6354317,35.8811183,34.42325831,37.38483035,0.751447332
2021,< 1,0,3493103,0,0,0,0
2021,1-4,0,14777533,0,0,0,0
2021,5-9,0,19622750,0,0,0,0
2021,10-14,0,20740307,0,0,0,0
2021,15-19,Suppressed,21106448,Suppressed,Suppressed,Suppressed,Suppressed
2021,20-24,Suppressed,21997754,Suppressed,Suppressed,Suppressed,Suppressed
2021,25-29,32,21944401,0.145823074,0.099742555,0.205858671,0.025778121
2021,30-34,90,22593238,0.398349276,0.320319571,0.489639496,0.041989701
2021,35-39,219,21775872,1.005700254,0.876903888,1.148087706,0.067958925
2021,40-44,471,20614140,2.284839435,2.083126761,2.500809981,0.105279844
2021,45-49,877,19348538,4.532642208,4.237580967,4.842831127,0.153056452
2021,50-54,1565,20428817,7.660747071,7.285860574,8.049921062,0.193648418
2021,55-59,2585,21024471,12.29519639,11.82574397,12.77850838,0.241827227
2021,60-64,3585,20648511,17.36202673,16.79828855,17.93986203,0.289971851
2021,65-69,4567,17864003,25.5653786,24.82923316,26.31780487,0.378300332
2021,70-74,5012,14879863,33.68310582,32.75698144,34.62877581,0.475780456
2021,75-79,4104,9723768,42.20586094,40.92435634,43.51728901,0.658823509
2021,80-84,2999,6294891,47.64180984,45.95181184,49.37807098,0.86996147
2021,85+,2297,6339614,36.23248987,34.765773,37.74519834,0.755992839